name,introduction,url
苏寒萧雨然,妖龙古帝苏寒，曾经执掌圣域，镇压一世，为银河星系之巅！却因融合各大修为层次，走火入魔，形神俱灭。手下叛变，挚爱沉睡，好友,https://www.bige7.com/book/27024/
姜笙司夜爵,一场算计让姜笙毁掉清白，被迫离家，六年后带着仨小只回国打脸虐渣。谁知仨小只比她更有手段，找了个亲爹靠山帮她，还把亲爹拐回,https://www.bige7.com/book/25654/
百花大帝,1228812288天元历1214年，天元王朝在经历了数百年的繁荣后，终于是盛极必衰走向了衰亡，其时天下大乱群雄崛起，所,https://www.bige7.com/book/23393/
范清遥百里凤鸣,那一世，范清遥是名门之女，神医传人，医术精湛卓荦超伦。可她却毒害逆党忠良，认贼作父，威胁至亲为他谋权夺得皇位。外祖一家死,https://www.bige7.com/book/26510/
猎妖高校,手机阅读《猎妖高校》无弹窗纯文字全文免费阅读高考结束后，郑清没有去心仪已久的帝都大学，而是背着行李，抱着狐狸，循着一纸通,https://www.bige7.com/book/6976/
狂龙归来江枫宫映雪,入赘三年，所有人都以为可以把我踩在脚下，三年后，考核结束，我为世界第一大神秘组织龙门之主！执子之手，许你一世荣光,https://www.bige7.com/book/19498/
陛下在我家当赘婿那些年,乔清月穿越了，一睁眼就落下个晴天霹雳。便宜娘亲抹着眼泪告诉她：闺女啊，你还差三天就十七岁了，要是再不嫁出去，咱们娘俩都要,https://www.bige7.com/book/59589/
林炎柳幕妍_,豪门大少，华国首富，各国公主拼命想嫁的男人，回到家却被岳母当保姆使唤。,https://www.bige7.com/book/5209/
斗罗之开局签到帝龙剑,已有作品《斗罗之开局签到龙神武魂》。踩唐三，怼大师，杀唐昊，抱神女。沐辰穿越到斗罗大陆，觉醒了系统，但是这个系统非要沐辰,https://www.bige7.com/book/57474/
我居然认得上古神文,"穿越后的钟文被一个小萝莉捡回了只有女弟子的飘花宫；
这个世界最顶尖的功法、灵技、知识统统来自上古；
于是，研究看不懂的上",https://www.bige7.com/book/2848/
盛世嫡女逆天宠范清遥百里凤鸣,那一世，范清遥是名门之女，神医传人，医术精湛卓荦超伦。可她却毒害逆党忠良，认贼作父，威胁至亲为他谋权夺得皇位。外祖一家死,https://www.bige7.com/book/22293/
最佳豪门女婿,国之利刃杨潇重伤隐匿都市，巧合之下成为上门女婿。曾经，我无能为力，因我而让你饱受耻辱。如今，我王者归来，定让你享受世间繁,https://www.bige7.com/book/36864/
轮回乐园：我在天启当剑仙,轮回乐园同人文平淡版本简介：这是一个剑修在天启乐园快意恩仇、荡气回肠的故事……热血版本简介：主角叶长青重生到天启乐园，在,https://www.bige7.com/book/54471/
黎少的独宠爱恋顾蔓蔓黎瑾泽,20岁生日的晚上，她被双胞胎亲姐姐送上了一个陌生男人的床。未婚先孕、被竹马主动解除婚约，又被赶出家门的她成为了整个帝都的,https://www.bige7.com/book/17452/
诸界之深渊恶魔,　　诞生于无底深渊，舍弃过往一切。于杀戮与毁灭之中，带着血与火登顶至高王座！吾是腐化世界之死疫君王，吾是焚烧万物引导终末,https://www.bige7.com/book/2003/
斗牛胜佛大师兄他成佛了,1990年的一个夜晚，天空上出现风雨雷电交加的时刻。电闪雷鸣，风在吼，云在飘。看山川五岳它也正在发怒。在人间被生活所被迫,https://www.bige7.com/book/35808/
剑尊,《剑尊》是叶玄叶灵精心创作的其他类型，快眼看书实时更新剑尊最新章节并且提供无弹窗阅读，书友所发表的剑尊评论，并不代表快眼,https://www.bige7.com/book/27017/
李安安褚逸辰,李安安在养父母家受尽欺辱迫害，四年后她带着三个可爱的儿女华丽归来，车模冠军，美食博主，总裁千金，一个个的头衔闪瞎人眼球，,https://www.bige7.com/book/26198/
逆天萌兽:绝世妖女倾天下,她被亲姐姐挖去凤骨，夺去天赋，像条狗一样被抛下魔涧！可万万没想到她没死成，还成了魔涧怪物们宠在掌心的小妖女！魔涧怪物们：,https://www.bige7.com/book/52660/
超级医婿叶天苏轻语,他是苏家的上门女婿，没钱没权，沦为医馆打杂，丈母娘百般刁难。然而丈母娘做梦都想不到，有一日，各方大佬齐齐来拜，抢着要给这,https://www.bige7.com/book/16653/
开局顿悟混沌体叶大刀,萧云的系统只会一个功能——顿悟！体质平凡？顿悟混沌体！功法难修？顿悟圆满境界！神通难修？顿悟圆满境界！没有什么是顿悟不能,https://www.bige7.com/book/31906/
我的功法全靠捡林辰寒烟夏凝月,【宿主捡到青龙血脉10点】【宿主捡到太古残篇心法：混沌五灵诀。】在绝世美女身上捡到最强符文？路过一个洞穴都能捡到绝世功法,https://www.bige7.com/book/20103/
术士入侵火影,白羽作为巫师世界的二次穿越者，来到了火影世界。灵魂中的「古音多术士之书」，让他看到了成为高级巫师的可能。威力强大的豪火球,https://www.bige7.com/book/49982/
从姐姐开始的娱乐,神仙姐姐白依依，以身为饵。单纯的杨云不幸落入陷阱之中，陷阱犹如沼泽，越是挣扎陷得越深。这片沼泽中的泥……既冰冷而又无情…,https://www.bige7.com/book/16796/
赵绮晴傅西深,三年的暗恋，五年的婚姻，八年的喜欢。赵绮晴嫁给了她这辈子最爱的男人ampampmdashampampmdash顾辞远。可,https://www.bige7.com/book/50721/
顶级大佬的心尖宠,“老公，快来看，电视上这个男人长得和你一样帅！”在电视上看见和自己老公一模一样帅的男人莫宛溪非常惊讶。贺煜城扶额，“你确,https://www.bige7.com/book/47730/
陆沉周若雪婉儿,陆沉周若雪婉儿小说介绍：获混沌宝物，修九龙归一。斩日月星河，诛万古妖魔。陆沉一出风云动，诸天万界鬼神惊。醉卧鸾凤美人笑，,https://www.bige7.com/book/11960/
神医娘亲带崽行凶,一次意外，21世纪全能军医变成古代小农妇。爹娘早死，兄嫂不善，恶人欺压，爷奶还想拿她去换钱，吃了上顿没下顿，还有两个小包,https://www.bige7.com/book/21818/
低调为王,　　明面上，他是王府的纨绔二公子，遭人白眼，沦为笑柄！暗地里，他是地下世界中的王者，一声令出，莫敢不从！我是陆寻，没有人,https://www.bige7.com/book/3355/
在金榜木叶刷榜的日子,简介：穿越火影重生成为白，却遇到金榜降临忍界，于是白开始了霸榜的日子。血脉榜？我知道该怎么选择才能得到森罗万象之资，然后,https://www.bige7.com/book/12422/
大明第一狂士,内容简介：大明万历三十五年，一个满腹权谋的狠人魂穿县丞之子，他以现代权谋之术惩治贪官，连破奇案；他以现代官场纵横之术，威,https://www.bige7.com/book/15944/
悍卒斩天,戏子门前客不绝，将军坟前蒿草深。美人要看风和雨，枯骨坟上起楼台。才子俊杰楼上豪情泼墨，无名小卒楼下血染浊泪。悍卒一怒横刀,https://www.bige7.com/book/36033/
斗罗：我千仞雪永远爱老妈,一朝穿越到斗罗大陆，成了大反派比比东的女儿千仞雪？没办法了，我必须得拯救即将悲剧的亲妈比比东。,https://www.bige7.com/book/35486/
万古武帝林云,万古武帝林云小说介绍：一觉醒来，林云竟与后母同睡一床，被年长6岁的后母压在身下……万古武帝林云小说别名：万古武帝。,https://www.bige7.com/book/15636/
九天神帝,九天路上谁为尊，一遇神帝万法空。上古天域，诸神逆战，神帝陨落伴九天玄石重生，以逆天资质修无上法门，铸混沌金身，力破苍穹，,https://www.bige7.com/book/29046/
狐妖之望君归,两情相悦，却都为情所困。【他】自以为能瞒天过海，独自一人承担一切，殊不知【她】早已知晓。知道了爱人所承受的痛苦，即使是算,https://www.bige7.com/book/26968/
武逆焚天,"  神奇的大陆，因神兽而支离破碎，又因神兽而得以重生！！
  各方势力追寻多年的重宝出世，一场腥风血雨正在酝酿……
  ",https://www.bige7.com/book/3167/
奶爸逆袭记叶凡董玥君,兵王重生，发现自己拥有另外一个废物人生。妻子被逼离婚，父母被迫还债，女儿饿得瘦骨如柴。他发誓改变命运，用兵王的荣耀，守护,https://www.bige7.com/book/17919/
丁宁夏晴天,丁宁做梦也想不到，自己会被师傅赶下山……,https://www.bige7.com/book/31175/
开局获得不死天功,洛天歌穿越成为荒古世家麒麟神子，却因剥离族人神骨，被废去修为，打入镇魔神狱，永世不得翻身。万物本源提炼系统开启，开局便获,https://www.bige7.com/book/38524/
都市小说主角叫江枫宫映雪,入赘三年，所有人都以为可以把我踩在脚下，三年后，考核结束，我为世界第一大神秘组织龙门之主！执子之手，许你一世荣光,https://www.bige7.com/book/19499/
帝少追击令，天才萌宝亿万妻,第一次见面，她在20岁那晚遭受双胞胎亲姐姐算计，失去清白，而她，连他的脸都未曾看清。三年后她携萌宝归来，斗心机婊白莲花，,https://www.bige7.com/book/25733/
一剑独尊叶玄,生死看淡，不服就干。各位书友要是觉得《一剑独尊叶玄》还不错的话请不要忘记向您QQ群和微博里的朋友推荐哦！,https://www.bige7.com/book/4652/
超级狂婿江枫宫映雪,入赘三年，所有人都以为可以把我踩在脚下，三年后，考核结束，我为世界第一大神秘组织龙门之主！执子之手，许你一世荣光,https://www.bige7.com/book/19591/
一世豪婿林炎柳慕妍,豪门大少，华国首富，各国公主拼命想嫁的男人，回到家却被岳母当保姆使唤。,https://www.bige7.com/book/19182/
萧云席春雨,萧云的系统只会一个功能——顿悟！体质平凡？顿悟混沌体！功法难修？顿悟圆满境界！神通难修？顿悟圆满境界！没有什么是顿悟不能,https://www.bige7.com/book/25271/
顾初暖夜景寒,他，夜国攻无不克，战无不胜的战神王爷，却被一个来历不明的女人给气昏了，从此性情大变，嗜血残暴。她，医学界顶级天才，莫名其,https://www.bige7.com/book/55702/
重生后被七少宠上天杨雁南云慕谨,前世她被最亲近的人谋财害命，重生一世，她要让狗男女血债血偿。只是，某条发着金光的大腿伸了过来，是抱还是不抱呢？“七少，抱,https://www.bige7.com/book/22157/
一切从退婚开始顾辰,论医术，我绝世无双，妙手回春，论功夫，天人之下我无敌，天人之上一换一！什么？！你说你老婆风华绝代？！不好意思，这样的未婚,https://www.bige7.com/book/28509/
直播问答：火影海贼名场面大曝光,海贼火影名场面【水遁最强的是谁】A：干柿鬼鲛B：千手扉间C：宇智波鼬D：枸橘矢仓啊飞：排除鼬，他水遁基本可以忽略不计。如,https://www.bige7.com/book/21886/
女神的无敌狂医叶青肖莹忆,被女神捡来当赘婿又如何？谁敢打我老婆的主意，我就打得他满地找牙！,https://www.bige7.com/book/16562/
乡村逍遥小村医杨光吴小莲,青山村的小村医杨光，无意中获得神农传承，掌握了控制植物和更加神奇的医术，从此以青山村为起点，开始了一段不一样的人生旅程。,https://www.bige7.com/book/16510/
被女神捡来的赘婿,被女神捡来当赘婿又如何？谁敢打我老婆的主意，我就打得他满地找牙！,https://www.bige7.com/book/41240/
贺少怜爱小娇妻莫宛溪贺煜城,“亲爱的，你看这男人长得和你一样俊！”贺少揉了揉眉心：“你确定他只是和我像？”这是眼瞎了吗？明明就长的一模一样。她以为自,https://www.bige7.com/book/16946/
叶飞宋茜,入赘三年，受尽羞辱。然而却无人知晓他曾是豪门大少！直到家族跪求他回归丈母娘这才傻眼！,https://www.bige7.com/book/19265/
龙门之主江枫宫映雪,入赘三年，所有人都以为可以把我踩在脚下，三年后，考核结束，我为世界第一大神秘组织龙门之主！执子之手，许你一世荣光,https://www.bige7.com/book/16135/
太子总想娇宠我,太子总想娇宠我太子总想娇宠我小说阅读言情女生类型小说太子总想娇宠我由作家锦池创作那一世，范清遥是名门之女，神医传人，医术,https://www.bige7.com/book/22431/
龙门之主江枫宫映雪,入赘三年，所有人都以为可以把我踩在脚下，三年后，考核结束，我为世界第一大神秘组织龙门之主！执子之手，许你一世荣光,https://www.bige7.com/book/27638/
神弓战妃,远赴花城惊鸿宴，一睹人间盛世颜，说的就是纳兰荣锦，容貌倾城绝世无人能及，美人一个。花落皇城锦家院，富贵窝里出色胆，说的也,https://www.bige7.com/book/28226/
重生嫡女：吊打白莲花攻略,亲爹是当朝宰相，一人之下万人之上；亲哥是一品大臣，手握军权，守卫边疆，敌人闻之皆怵；自己作为宰相千金，方府嫡女，集万千宠,https://www.bige7.com/book/17028/
人在斗罗，我自带神位,李初阳穿越斗罗大陆，重生杀戮之都，惶恐之下却不知居然有意外惊喜，不仅活着走出了杀戮之都，还学的一身本领。多年以后……“主,https://www.bige7.com/book/37940/
重生之甜妻超旺夫肖颖袁博,重生回到退婚的那天，肖颖撒腿就往回跑。身后的痞气男子拦住她，冷笑：“怎么又不退了？”肖颖豪放大声：“因为我喜欢你！”向来,https://www.bige7.com/book/31722/
亿万首席宠妻成瘾贺煜城,“亲爱的，你看这男人长得和你一样俊！”贺少揉了揉眉心：“你确定他只是和我像？”这是眼瞎了吗？明明就长的一模一样。她以为自,https://www.bige7.com/book/16948/
大梦万古，我的修炼变质了,传奇终将落幕，美人难免枯朽。再伟大的存在，终究不过是岁月里的一粒尘埃，唯余些许传说，任由后人凭吊。孟夏绑定大梦系统，一个,https://www.bige7.com/book/17892/
男主角江枫女主角宫映雪,入赘三年，所有人都以为可以把我踩在脚下，三年后，考核结束，我为世界第一大神秘组织龙门之主！执子之手，许你一世荣光,https://www.bige7.com/book/19590/
盛宠嫡女：医妃不好惹江初月萧景行,大婚之日，本以为终成正果，却不曾想，她的夫君屠杀她满门。一朝惨死，再次睁眼，这一世，她必定会手刃仇人，护家人平安！嫡女重,https://www.bige7.com/book/17961/
苏糖,老苏家终于生闺女了。于是，穷的叮当响的日子，火了！“爹，我在山上挖了一篮子大白萝卜。”奶声奶气的小姑娘，把手里的小篮子递,https://www.bige7.com/book/40185/
济世神瞳,三年前，秦浩送外卖的时候，被豪车撞倒了，没想到反被车主逼着跪在车前忏悔，被豪车大灯照了一个晚上，秦浩的双眼就此瞎了。从此,https://www.bige7.com/book/26953/
龙门狂婿江枫宫映雪,江枫走投无路之际，手机突然接到一条3000万的转账信息，紧接着更是收到爷爷的电话，原来他竟然是传说中的神秘组织龙门的继承,https://www.bige7.com/book/27623/
玄幻：开局拥有百亿黄金,别人穿越都是封侯拜相，为啥我穿越过来就只有半个小时的命？还好有系统送了100亿两黄金！花1两黄金就得1分钟寿命？这买卖划,https://www.bige7.com/book/21437/
你们别来搞我啊,他只是一名普通的大学生，没事的时候喜欢弹弹钢琴，打打篮球。但突然一天，他莫名其妙得到了一个系统，从此他平淡的生活开始变得,https://www.bige7.com/book/17965/
精灵之沙暴君王,PM游戏资深玩家云华，带着两枚顶级沙沙岩石穿越了，刚好赶上领取初始精灵。但是……为什么我的御三家，是地鼠、螺钉地鼠和穿山,https://www.bige7.com/book/14671/
反穿书后，千金大佬娇养反派自救了,觉醒后，秦陶陶发现自己是一本穿书文男主的白月光。生前对男主各种跪舔，爱而不得跳了楼。死后就成了推动男女主感情戏工具人，被,https://www.bige7.com/book/57940/
妖龙古帝遥望南山,妖龙古帝苏寒，曾经执掌圣域，镇压一世，为银河星系之巅！却因融合各大修为层次，走火入魔，形神俱灭。手下叛变，挚爱沉睡，好友,https://www.bige7.com/book/36631/
帝少总裁是爹地李安安褚逸辰,李安安在养父母家受尽欺辱迫害，四年后她带着三个可爱的儿女华丽归来，车模冠军，美食博主，总裁千金，一个个的头衔闪瞎人眼球，,https://www.bige7.com/book/16068/
九转霸体,叶洛有一个不靠谱的老爹，除了喝酒赌博好色，简直一无是处。但他却给了叶洛一本神奇的功法九转霸体诀。九转霸体，肉身无敌，一拳,https://www.bige7.com/book/2596/
我的恋爱日常太反人设,【请你记住不许和她们讲话】【请你记住不许和她们触碰】【最重要的是，请你记住，不要恋爱】白石泽秀看着猫眼外的少女们，挠挠头,https://www.bige7.com/book/18458/
十大动漫名场面：开局夜凯,楚歌获得了超级漫画视频剪辑系统，只要剪辑视频并发布，就会令动漫世界人物强制观看。火影忍者，死神，妖精的尾巴，圣斗士星矢，,https://www.bige7.com/book/18945/
九九归一诀,获混沌宝物，修九龙归一。斩日月星河，诛万古妖魔。陆沉一出风云动，诸天万界鬼神惊。醉卧鸾凤美人笑，三千大道渡众生。,https://www.bige7.com/book/51341/
超神学院：开局穿越梅洛天庭,猥琐发育，稳住别浪！,https://www.bige7.com/book/39372/
都市之最强赘婿,叶家天才继承人被人残害，导致未婚妻退婚，更被赶出家门。隐姓埋名成为小家族上门女婿，机缘获得长生诀跟惊世医术，从此一飞冲天,https://www.bige7.com/book/43681/
九天龙帝苏寒萧雨慧,古帝重生，横扫天下！以前世的记忆，踏逆天之路，碾压一切叛变之人！【妖龙古帝】书友群1群：663538422，喜欢聊天的朋,https://www.bige7.com/book/18311/
大唐西域少年行,天宝七载，碎叶城外唐军大营中，历史扇动了蝴蝶的翅膀，穿越千年而来的少年，带领一路结识的各族同龄人，由西域来到长安，希望用,https://www.bige7.com/book/56867/
丹武毒尊,天才少年遭陷害，一朝觉醒毒体和万古毒尊轮回记忆。从此，修炼无双毒功，练就一手以毒炼丹之术，战天才，镇强者，毒霸天下，逆天,https://www.bige7.com/book/23221/
我的学习变质了,陆鲤穿越灵气复苏、全球高武的时代，觉醒的却是学习系统！只要读书学习就能变强！【你已精通高三历史，“升灵”属性3！】【你已,https://www.bige7.com/book/42274/
天才萌宝：素手遮天俏娘亲叶楚月夜墨寒,叶楚月，神武帝国臭名昭著的痴傻丑女，与人“苟且”，生下野孩子。未婚夫成亲之日，身穿喜袍从城墙跳下，为情而死。美眸初睁，来,https://www.bige7.com/book/34367/
肖颖袁博,重生回到退婚的那天，肖颖撒腿就往回跑。身后的痞气男子拦住她，冷笑：“怎么又不退了？”肖颖豪放大声：“因为我喜欢你！”向来,https://www.bige7.com/book/28972/
杨潇和唐沐雪,国之利刃杨潇重伤隐匿都市，巧合之下成为上门女婿。曾经，我无能为力，因我而让你饱受耻辱。如今，我王者归来，定让你享受世间繁,https://www.bige7.com/book/28386/
一剑独尊,生死看淡，不服就干。诸天神佛仙，不过一剑间！,https://www.bige7.com/book/916/
系统之农妇翻身,孟家村里，孟得魁用八十块钱外加三十斤粗粮换回了个干巴瘦的小媳妇，成亲一个多月后，小媳妇不慎落入了河中，醒来后身体里换成了,https://www.bige7.com/book/18493/
绝世龙门江枫宫映雪,入赘三年，所有人都以为可以把我踩在脚下，三年后，考核结束，我为世界第一大神秘组织龙门之主！执子之手，许你一世荣光,https://www.bige7.com/book/16139/
明若邪司空疾,轰了医研所穿越而来的明若邪，遇上美到妖孽的病王爷在选妃。“王爷，我可甜可盐，可萌可辣，喂药都用嘴！”“丑拒。”“王爷有病,https://www.bige7.com/book/27070/
豪门医婿杨斐萧芸儿,入狱四年，获得不世医术，回来却被前女友劈腿，一怒之下，直接娶了首富之女,https://www.bige7.com/book/30048/
超神：开局穿越梅洛天庭,猥琐发育，稳住别浪！,https://www.bige7.com/book/16902/
龙门狂婿江枫宫映雪,入赘三年，所有人都以为可以把我踩在脚下，三年后，考核结束，我为世界第一大神秘组织龙门之主！执子之手，许你一世荣光,https://www.bige7.com/book/19508/
乡村小术士,不会种田的乡村少年牛小田，误打误撞拜师老神仙，看相风水医术道法无所不能，从此人生开挂。,https://www.bige7.com/book/16612/
特工神妃权倾天下,金牌特工穿越仙界，修成绝世女帝。却不想遭遇暗害巅峰殒落，再次重生成了灵根残缺，任人欺凌的废物。资质低劣，家业被夺，渣男弃,https://www.bige7.com/book/21475/
杨雁南云慕谨,前世她被最亲近的人谋财害命，重生一世，她要让狗男女血债血偿。只是，某条发着金光的大腿伸了过来，是抱还是不抱呢？“七少，抱,https://www.bige7.com/book/27734/
腹黑爹地嚣张娘亲,一代内科名医过劳猝死。叶云兮叹气，不给我安排个好命也就算了。竟然安排到了一个不受宠的王妃身上？还是个成亲当晚，就被赶去当,https://www.bige7.com/book/47781/
亿万首席宠妻成瘾莫宛溪贺煜城,“亲爱的，你看这男人长得和你一样俊！”贺少揉了揉眉心：“你确定他只是和我像？”这是眼瞎了吗？明明就长的一模一样。她以为自,https://www.bige7.com/book/16947/
千寻疾遗言，我哥才是密室斗罗,他，天使一脉最强天才！踏平昊天宗，独闯海神岛，深入大凶地震惊寰宇，成就一代绝世传说。却在力压比比东后，武魂变异堕天使，遭,https://www.bige7.com/book/57095/
第二人生杨潇和唐沐雪,国之利刃杨潇重伤隐匿都市，巧合之下成为上门女婿。曾经，我无能为力，因我而让你饱受耻辱。如今，我王者归来，定让你享受世间繁,https://www.bige7.com/book/15891/
小说男主角苏寒萧雨慧,古帝重生，横扫天下！以前世的记忆，踏逆天之路，碾压一切叛变之人！【妖龙古帝】书友群1群：663538422，喜欢聊天的朋,https://www.bige7.com/book/18312/
七爷是个妻管严秦暮晚墨景修,遇到七爷前，秦暮晚是个被父亲丢到乡下，不被重视的弃女。遇到七爷后，她成为云城无数名媛千金羡慕嫉妒恨的对象。七爷宠妻无度，,https://www.bige7.com/book/16516/
漫威里的迪迦奥特曼,一个普通的地球青年穿越漫威电影宇宙，变身迪迦奥特曼，打败来犯的各路怪兽的故事。看神盾局版胜利队，钢铁侠版超级机甲保卫环太,https://www.bige7.com/book/44592/
人道大圣,弱者声嘶力竭，亦无人在乎，强者轻声细语，却能深入人心。一棵熊熊燃烧的天赋树，每一片叶子都承载着不同的灵纹，宗门被灭，沦为,https://www.bige7.com/book/6735/
叶问天苏晴雪,叶家天才继承人被人残害，导致未婚妻退婚，更被赶出家门。隐姓埋名成为小家族上门女婿，机缘获得长生诀跟惊世医术，从此一飞冲天,https://www.bige7.com/book/19169/
顶流神婿叶天苏轻语,他是苏家的上门女婿，没钱没权，沦为医馆打杂，丈母娘百般刁难。然而丈母娘做梦都想不到，有一日，各方大佬齐齐来拜，抢着要给这,https://www.bige7.com/book/16663/
妖龙古帝苏寒萧雨慧,古帝重生，横扫天下！以前世的记忆，踏逆天之路，碾压一切叛变之人！【妖龙古帝】书友群1群：663538422，喜欢聊天的朋,https://www.bige7.com/book/18321/
劣根枷锁,流星导致文明被毁，秩序坍塌，进化之门因此开启，短短数年，生存环境就变得极其恶劣，为了生存，幸存者开始抱团取暖，聚居地因此,https://www.bige7.com/book/27926/
太古狂魔,一成一败谓之一劫，一生一死谓之轮回。执九极之力，掌生死轮回，踏万古之秘，与诸天争锋…我为狂魔，敢逆天！————秦宇！太古,https://www.bige7.com/book/8140/
阮寒星霍沉,阮寒星死后才知道，她所在的世界，只是一本以她同父异母的妹妹阮未思为主角的甜宠文。而她，不过是着色寥寥几句的普通炮灰，死得,https://www.bige7.com/book/58641/
三体星河，开局抽取大帝神格,危机纪元三年，梦心灵穿越三体世界，并获得星河系统，因为三体人的追杀并意外成为了面壁者。这是一个可以抽取星河世界物品的系统,https://www.bige7.com/book/18554/
替嫁娇妻放肆宠宁初夏傅墨霆,宁初夏替嫁给了京市闻风丧胆的嗜血恶魔傅墨霆，传闻他先天不举，不近女色。数月后，某电视台的采访节目上。主持人好奇的采访，“,https://www.bige7.com/book/18408/
玄幻，我顿悟了混沌体萧云席春雨,萧云的系统只会一个功能——顿悟！体质平凡？顿悟混沌体！功法难修？顿悟圆满境界！神通难修？顿悟圆满境界！没有什么是顿悟不能,https://www.bige7.com/book/17292/
乔诗蔓秦暮宇,产房里，她难产大出血，新婚老公却冷笑着告诉医生：“大的小的，我都不要！”三年后，她带着萌宝华丽归来，狠虐渣男贱女然后发现,https://www.bige7.com/book/18537/
我的七个姐姐扶弟魔丁宁夏晴天,丁宁做梦也想不到，自己会被师傅赶下山……,https://www.bige7.com/book/31250/
请叫我鬼差大人王烨张开,永夜过后，恐怖复苏。n十里荒坟，诡异的歌声。n寻找双臂的老人，无头的婴儿n他们不停的拼接着自己的身体，爆发出更恐怖的气息,https://www.bige7.com/book/23405/
我顿悟了混沌体萧云,我顿悟了混沌体萧云全文免费阅读由小兵提供。《我顿悟了混沌体萧云》萧云席春雨著情节跌宕起伏、扣人心弦，是一本情节与文笔俱佳,https://www.bige7.com/book/24449/
叶凡董玥君,兵王重生，发现自己拥有另外一个废物人生。妻子被逼离婚，父母被迫还债，女儿饿得瘦骨如柴。他发誓改变命运，用兵王的荣耀，守护,https://www.bige7.com/book/26076/
顾初暖夜景寒,他，夜国攻无不克，战无不胜的战神王爷，却被一个来历不明的女人给气昏了，从此性情大变，嗜血残暴。她，医学界顶级天才，莫名其,https://www.bige7.com/book/26457/
曾许星光共余生,《曾许星光共余生》是冬日微暖精心创作的恐怖灵异，快眼看书实时更新曾许星光共余生最新章节并且提供无弹窗阅读，书友所发表的曾,https://www.bige7.com/book/25517/
战神王爷的医品狂妃,她二十一世纪最强天才军医，说一不二，一声令下，全员敬畏；她丞相府唯一嫡女，生母早亡，生性软弱，天生废材；一场空难，最强军,https://www.bige7.com/book/51661/
苏寒萧雨慧妖龙古帝,妖龙古帝苏寒，曾经执掌圣域，镇压一世，为银河星系之巅！却因融合各大修为层次，走火入魔，形神俱灭。手下叛变，挚爱沉睡，好友,https://www.bige7.com/book/27021/
顾宁惜薄枭霆,五年前的顾宁惜，是薄家抬不起头的小女佣，因爬了薄少的床，被驱逐出薄家。五年后，顾宁惜回归，带着可爱萌娃，化身神秘黑客，高,https://www.bige7.com/book/26391/
秦暮晚墨景修,遇到七爷前，秦暮晚是个被父亲丢到乡下，不被重视的弃女。遇到七爷后，她成为云城无数名媛千金羡慕嫉妒恨的对象。七爷宠妻无度，,https://www.bige7.com/book/25442/
李安安褚逸辰,李安安从小被喊杀人犯的女儿，在养父母家受尽欺辱迫害，四年后她带着三个可爱的儿女华丽归来，车模冠军，美食博主，总裁千金，一,https://www.bige7.com/book/25259/
九龙归一诀,获混沌宝物，修九龙归一。斩日月星河，诛万古妖魔。陆沉一出风云动，诸天万界鬼神惊。醉卧鸾凤美人笑，三千大道渡众生。,https://www.bige7.com/book/8630/
苏寒萧雨然妖龙古帝,古帝重生，横扫天下！以前世的记忆，踏逆天之路，碾压一切叛变之人！【妖龙古帝】书友群1群：663538422，喜欢聊天的朋,https://www.bige7.com/book/27001/
我在末世海岛养龙崽,阮安穿越了，得到了一个生存游戏APP，看到游戏商城里琳琅满目的物品，心想不就是求生么，多大点事儿。想不到过了没多久，她发,https://www.bige7.com/book/28820/
锦绣江山之若璃传邱若璃周烨泽,上一世，她，被痴恋了一生的男人灭门。重生后，她要打脸渣男渣女，守护母亲和弟弟……上一世，他，看她嫁作他人妇，最后香消玉殒,https://www.bige7.com/book/20801/
云千落黎墨尘,前世美貌小仙女，一朝重生丑八怪。嫁个太子宠妻忙，天天追妻火葬场。殿下殿下不好了，太子妃她又大闹皇宫了！赶紧把门关起来，让,https://www.bige7.com/book/27068/
开局获得传送门，已上交国家,搜小说免费提供作者唐吉坷德的经典小说：《开局获得传送门，已上交国家》最新章节全文阅读服务本站更新及时无弹窗广告欢迎光临观,https://www.bige7.com/book/39551/
穿书后，我把反派养娇了,她来自二十一世纪，精通巫蛊毒，岂料一朝书穿，竟然变成人嫌狗厌的恶毒女配。女配娶了个入赘的丑夫，本以为丑夫软弱可欺，谁知人,https://www.bige7.com/book/51660/
重生成龟：开局被孙大圣捡到,【西游系统进化】生而为龟，我很抱歉。一觉醒了，林放发现自己到了异界，成为了一只小乌龟。身边还有一只猴子，说着什么要求仙问,https://www.bige7.com/book/24435/
萌宝助阵，甜妻翻身记顾蔓蔓黎瑾泽,20岁生日的晚上，她被双胞胎亲姐姐送上了一个陌生男人的床。未婚先孕、被竹马主动解除婚约，又被赶出家门的她成为了整个帝都的,https://www.bige7.com/book/25767/
前妻乖巧人设崩了,南颂乖乖巧巧当了三年贤妻，也没能让喻晋文爱上她，还为了个绿茶要跟她离婚。算了算了，离就离吧，姐姐不伺候了。她抹掉了所有关,https://www.bige7.com/book/34813/
喻晋文南颂,南颂乖乖巧巧当了三年贤妻，也没能让喻晋文爱上她，还为了个绿茶要跟她离婚。算了算了，离就离吧，姐姐不伺候了。她抹掉了所有关,https://www.bige7.com/book/54329/
御兽：开局进化洛奇亚,苏乾重生到了一个全民御兽的世界。刚满十六岁觉醒御兽之力的他，在全校举办的觉醒仪式上突然激活了系统，让自己的一阶水波姆进化,https://www.bige7.com/book/14906/
异界：开局契约恶魔史莱姆,开局绑定了个神赐系统。n自称时间女神的系统精灵艾拉，竟然赖上我了？n“你是公的，还是母的？”n“魂淡，人家这么可爱当然是,https://www.bige7.com/book/47475/
我的修炼变质了,传奇终将落幕，美人难免枯朽。再伟大的存在，终究不过是岁月里的一粒尘埃，唯余些许传说，任由后人凭吊。孟夏绑定大梦系统，一个,https://www.bige7.com/book/7176/
斗罗之醉红尘,一令啸铁马，一念斩霞虹。一曲醉红尘，一刀笑长空。红尘家族的庶子醉红尘一开始只想出人头地，将来进入日月帝国朝堂，混个小官做,https://www.bige7.com/book/56586/
七爷的心头宠秦暮晚墨景修,遇到七爷前，秦暮晚是个被父亲丢到乡下，不被重视的弃女。遇到七爷后，她成为云城无数名媛千金羡慕嫉妒恨的对象。七爷宠妻无度，,https://www.bige7.com/book/16012/
龙族正统,他们身披黑甲，手握长槊，身形肃穆，眼中的黄金龙瞳燃着虔诚永恒之火。他们是最忠诚的王侍。“这个用剑开始的故事，必将用剑来终,https://www.bige7.com/book/34511/
陈阳刘冉月,第一天进城的山村少年，被美女处处嫌弃。她却不知，少年握有上古龟甲，占卜相面，医药符箓，无所不通。从此逍遥都市，白手起家，,https://www.bige7.com/book/19584/
神医狂妃：战神王爷乖乖受宠顾初暖夜景寒,他，夜国攻无不克，战无不胜的战神王爷，却被一个来历不明的女人给气昏了，从此性情大变，嗜血残暴。她，医学界顶级天才，莫名其,https://www.bige7.com/book/17679/
黎明塔：人类最后的避难所,【末世】【避难所】【无异能】【无系统】【慢热】它们来了！黎明塔！人类最后的避难所！我们该如何决定自己的命运？,https://www.bige7.com/book/49895/
一世巅峰林炎,豪门大少，华国首富，各国公主拼命想嫁的男人，回到家却被岳母当保姆使唤。各位书友要是觉得《一世巅峰林炎》还不错的话请不要忘,https://www.bige7.com/book/6689/
一胎三宝总裁爹地宠妻成瘾褚逸辰,李安安在养父母家受尽欺辱迫害，四年后她带着三个可爱的儿女华丽归来，车模冠军，美食博主，总裁千金，一个个的头衔闪瞎人眼球，,https://www.bige7.com/book/16050/
开局掠夺上帝神权,穿越灵气复苏诸界融合的世界，获得诸天掠夺编辑模板系统。开局掠夺死去上帝的本源，化身终焉上帝。机械飞升、血肉畸变、恶魔入侵,https://www.bige7.com/book/52778/
